<?xml version="1.0" encoding="UTF-8"?>
<project-private xmlns="http://www.netbeans.org/ns/project-private/1">
    <editor-bookmarks xmlns="http://www.netbeans.org/ns/editor-bookmarks/2" lastBookmarkId="0"/>
    <open-files xmlns="http://www.netbeans.org/ns/projectui-open-files/2">
        <group>
            <file>file:/F:/TCC/E-commerce/ProjetoGarrafaGelada/web/views/Produto/listarProduto.jsp</file>
            <file>file:/F:/TCC/E-commerce/ProjetoGarrafaGelada/src/java/br/com/projetogarrafagelada/DAO/ProdutoDAO.java</file>
            <file>file:/F:/TCC/E-commerce/ProjetoGarrafaGelada/web/cabecalho.jsp</file>
            <file>file:/F:/TCC/E-commerce/ProjetoGarrafaGelada/web/views/Produto/cadastrarProduto.jsp</file>
            <file>file:/F:/TCC/E-commerce/ProjetoGarrafaGelada/src/java/br/com/projetogarrafagelada/controller/produto/CadastrarProduto.java</file>
        </group>
    </open-files>
</project-private>
